Brand Name,brandUrl
AGMES,agmesnyc.com
AJE,ajeworld.com
ALISON LOU,alisonlou.com
Adam Lippes,adamlippes.com
Aimé Leon Dore,aimeleondore.com
Alessandra Rich,alessandrarich.com
Alix of Bohemia,alixofbohemia.com
Altuzarra,altuzarra.com
Amanu Studio,amanustudio.com
Ancient Greek Sandals,ancient-greek-sandals.com
Andrea Fohrman,andreafohrman.com
Another Tomorrow,anothertomorrow.co
BODE New York,bodenewyork.com
BONDI BORN,bondiborn.com
BPE,daniellefrankelstudio.com
Barton Perreira,bartonperreira.com
Berceau,almasika.com
Borgo de Nor,borgodenor.com
Brent Neale,brentneale.com
By Pariah,bypariah.com
CARLO MORETTI,emporiosirenuse.com
CDLP,cdlp.se
CHARO RUIZ,charoruiz.com
Cabana Magazine,cabanamagazine.com
Calle Del Mar LLC,calledelmar.com
Carolina Bucci,carolinabucci.com
Christian Siriano,christiansiriano.com
Christopher Esber,christopheresber.com
Christopher John Rogers,christopherjohnrogers.com
Clio Peppiatt,cliopeppiatt.co.uk
Comme Si,commesi.com
Cortanaeshop,cortana.es
Diotima,diotima.world
Doen,shopdoen.com
DÉHANCHE,dehanche.com
ESCVDO,escvdo.com
Edition,ceciliebahnsen.com
El Sol,faithfullthebrand.com
Emme Parsons,emmeparsons.com
FFORME,fforme.com
Faberge,faberge.com
FoundRae,foundrae.com
GABRIELA HEARST,gabrielahearst.com
GALVAN,galvanlondon.com
Gigi Burris,gigiburris.com
God’s True Cashmere,godstruecashmere.com
Hunting Season,hunting-season.com
Jacques Marie Mage,jacquesmariemage.com
Jacquie Aiche,jacquieaiche.com
James Perse,jamesperse.com
Jennifer Chamandi,jenniferchamandi.com
Jennifer Meyer,jennifermeyer.com
Judith Leiber Couture,judithleiber.com
Juliette,shopjulietta.com
Kall Meyer,kallmeyer.nyc
Kika Vargas,kikavargas.com
Laura Lombardi,lauralombardi.com
Les Tien,lestien.com
Lie Studio,lie-studio.com
Lisa Yang,us.lisa-yang.com
Lizzie Fortunato,lizziefortunato.com
Loren Stewart,lorenstewart.com
MAISON MAYLE,maisonmayle.com
MARRAKSHI LIFE,marrakshilife.com
Maria McManus,mariamcmanus.com
Marla Aaron,marlaaaron.com
Marlo Laz,marlolaz.com
Marta Ferri,shop.martaferri.com
Martha Calvo,marthacalvo.com
Mary Katrantzou,marykatrantzou.com
Marysia,marysia.com
Matteo,matteola.com
Maygel Coronel,maygelcoronel.com
Melissa Joy Manning,melissajoymanning.com
Mizuki,mizukijewels.com
Mothers Day,aguabyaguabendita.com
Nili Lotan,nililotan.com
Olympia Le-Tan,olympialetan.com
Ortovox,aztechmountain.com
Oseree,oseree.com
PF24,alexperry.com.au
Paris Texas,us.paristexasbrand.com
R13,r13.com
Ready to Wear,eliesaab.com
Retrofete,retrofete.com
Robinson Pelham,robinsonpelham.com
Rodarte,rodarte.net
Rosie Assoulin,rosieassoulin.com
Ruslan Baginskiy,ruslanbaginskiy.com
S.S. Daley,ssdaley.com
SASUPHI,sasuphi.com
SENSI STUDIO,sensistudio.com
SOPHIE BUHAI,sophiebuhai.com
STONE AND STRAND,stoneandstrand.com
Sacai,sacai.jp
Serapian,serapian.com
Shay Furniture,shayfurniture.com
Simone Rocha,shop-us.simonerocha.com
Skin Worldwide,skinworldwide.com
Sophie Lou Jacobsen,sophieloujacobsen.com
Sporty & Rich,sportyandrich.com
Suzie Kondi,suziekondi.com
Taller Marmo,tallermarmo.com
The Elder Statesman,elder-statesman.com
The Frankie Shop,thefrankieshop.com
The Row,therow.com
Tibi,tibi.com
Tohum Designs,tohumdesign.com
Tove Studio,tove-studio.com
Ulla Johnson,ullajohnson.com
Womens,bsidesjeans.com
Yves Salomon,us.yves-salomon.com
arch4,arch4.co.uk
lemlem,lemlem.com
sorellina Jewellry,sorellinanyc.com
ÉTERNE,eterne.com