Name,brandUrl,category,creation_date,adresse_siege_social,rating,type_entreprise,nb_employees,nb_clients,nb_societies,nb_societies_international,sales,sources
AGMES,agmesnyc.com,"Fine jewelry — sculptural, minimalist, recycled precious metals (sterling silver, 14k gold); rings, bracelets, earrings, necklaces",2016,"43 Crosby St, Floor 2, SoHo, New York, NY 10012, USA",N/A,"LLC — Private company, co-founded by sisters Morgan Lang (née Solomon) and Jaclyn Solomon",~5–15 (very small studio; ZoomInfo low headcount),Not disclosed,1 entity (AGMES LLC),"NYC flagship store + DTC e-commerce; wholesale via Barneys (historical), Moda Operandi, select boutiques NA/EU/Asia","Not publicly disclosed (micro-brand, est. <$5M)",agmesnyc.com/about; ZoomInfo; W Magazine; Finematter; Highperformr
AJE,ajeworld.com,Contemporary Australian womenswear ready-to-wear & accessories; also Aje Athletica sub-line,2008,"Surry Hills, New South Wales, Australia",N/A,"Pty Ltd — Private company (The Aje Collective), founded by Adrian Norris and Edwina Forest",~297–313 (PitchBook 297; LeadIQ 313 Jul 2025),Not disclosed,The Aje Collective Pty Ltd (parent),20+ boutiques in Australia and New Zealand; e-commerce ships globally; Edwina Forest based in Paris for design; shown at Australian Fashion Week,≈ $14.5–15M (RocketReach/LeadIQ 2025 est.),ajeworld.com.au/our-story; LinkedIn; LeadIQ; PitchBook; RocketReach; CBInsights
ALISON LOU,alisonlou.com,"Fine jewelry — playful enamel, emoji-inspired, 14k gold; earrings, rings, necklaces, bracelets",2012,"22 E 65th St, New York, NY 10065, USA (flagship boutique); offices at 1270 Avenue of the Americas, NY",N/A,"LLC — Private company (Alison Lou LLC), founded by Alison Chemla",~11–50 (LinkedIn band),Not disclosed,Alison Lou LLC + Alison Lou Retail LLC + Alison Lou East Hampton LLC,"NYC flagship (Madison Ave/Upper East Side) + East Hampton boutique; wholesale worldwide (Net-A-Porter, Browns, Holt Renfrew, Saks Fifth Avenue, Shopbop, Marissa Collections)",≈ $450K in 2014 (Forbes early-stage); current est. ~$5–15M (private),alisonlou.com/about; ZoomInfo; Datanyze; Inc.com; Gem&Jewel; Yelp
Adam Lippes,adamlippes.com,"Luxury womenswear ready-to-wear — knitwear, outerwear, dresses, suiting, accessories; made in NYC",2013 (current brand; founder active since 2004 as ADAM+EVE),"225 Broadway, Suite 1801, New York, NY 10007, USA",N/A,"LLC — Adam Lippes LLC, Private company; investors: Sarofim family fund (Houston)",~27–40 (Craft.co 27; WWD interview '40 employees' Feb 2024),Not disclosed,Adam Lippes LLC (one entity); PPP loan recipient,"NYC flagship (Brookfield Place, 2021); Houston River Oaks (2024); Palm Beach; 100+ wholesale retailers worldwide; London store lease in progress (2024)",≈ $3–5M est. (RocketReach); Owler est. $5–25M; sales reportedly doubled Q1 2025 post Melania inauguration,Wikipedia; CBInsights; WWD (Feb 2024); RocketReach; Owler; Datanyze
Aimé Leon Dore,aimeleondore.com,"Lifestyle & menswear brand — apparel, footwear, accessories, home goods; post-streetwear heritage aesthetic",2014,"Queens / Nolita, New York, NY, USA (HQ Queens; flagship 2 Great Jones St, Nolita, Manhattan)",N/A,Private company — minority stake acquired by LVMH Luxury Ventures in 2022; founder Teddy Santis retains majority,~11–50 (Tracxn Jul 2024 band),Not disclosed,ALD Inc. (primary entity),"NYC flagship + London store; exclusive DTC model since 2022 (withdrew from 160 wholesale accounts); Café Leon Dore concept; collaborations: New Balance, Timberland, Porsche, Drake's","Not publicly disclosed; estimated range $30–100M (private, post-LVMH investment)",Wikipedia; Tracxn; aimeleondore.com; Highsnobiety; Medium; Business of Fashion
Alessandra Rich,alessandrarich.com,"Luxury womenswear ready-to-wear — dresses, gowns, tweed, lace; feminine, vintage-inspired silhouettes",2010,"105 Mount Street, London W1K 2TN, UK (HQ & boutique); Via Martiri Oscuri 22, Milan 20125, Italy (office)",N/A,"Ltd — Alessandra Rich Limited (UK entity, Companies House registered); also Alessandra Rich S.r.l. (Italy); Private company",~10–50 (Tracxn 10 in 2020; LinkedIn 11–50 band),Not disclosed,Alessandra Rich Limited (UK) + Alessandra Rich S.r.l. (Italy),"Collections shown at Paris Fashion Week; wholesale globally (Net-A-Porter, Harrods, Bergdorf Goodman, Mytheresa); royal clientele (Queen Camilla)",≈ $2M est. (RocketReach 2025); likely understated — undisclosed private figures,LinkedIn; Highperformr; RocketReach; Tracxn; Annie's Ibiza; fashionbi.com
Alix of Bohemia,alixofbohemia.com,"Handmade bohemian womenswear — jackets, dresses, shirts, tops; natural fibers, hand embroidery, limited seasonal runs",2009 (London); seasonal collections since 2018,"13 Christopher Street, New York, NY 10014, USA (studio/atelier)",N/A,"LLC — Private company (Alix of Bohemia LLC), founded by Alix Verley-Pietrafesa; CEO Sebastian Kaufmann",~5–15 (VisualVisitor 5; LeadIQ 15 Sep 2025),Not disclosed,Alix of Bohemia LLC + Alix of Bohemia Ltd (UK entity noted),"DTC e-commerce + select NY boutique; wholesale presence in Europe; artisan sourcing from India, Guatemala, Portugal, USA",≈ $1.8M (LeadIQ Sep 2025 est.); CIENCE est. $5–10M,alixofbohemia.com; ZoomInfo; LeadIQ; VisualVisitor; CIENCE
Altuzarra,altuzarra.com,"Luxury womenswear ready-to-wear & accessories — sensual, folkloric, Gallic-influenced; also Altu (genderfluid diffusion, 2022)",2008,"233 Broadway, 14th Floor, New York, NY 10279, USA",N/A,Private company (Altuzarra LLC) — minority stake held by Kering (since 2013); minority stake acquired by P180 (2024); founder Joseph Altuzarra majority owner,~30–50 (BoF '30+ employees' 2017; LinkedIn 11–50 band),Not disclosed,Altuzarra LLC,"No standalone flagship; 100+ premier wholesale retailers worldwide (Net-A-Porter, Bergdorf Goodman, Neiman Marcus, Matches); shown at NYFW (2008–2017, 2021–); Paris Fashion Week (2017–2021)",≈ $5.8M est. (RocketReach 2026); BoF ~sub-$20M; targeting $50M next milestone (per CEO),Wikipedia; altuzarra.com/about; BoF; LeadIQ; RocketReach; LinkedIn
Amanu Studio,amanustudio.com,"Handcrafted luxury sandals, bags, belts & jewelry; sustainable, Africa-inspired; Italian leather + Kenyan brass",2018,"605 W Knoll Dr, West Hollywood, CA 90069, USA",N/A,"Private company, founded by celebrity stylist Anita Patrickson",~2–10 (LinkedIn band),Not disclosed,Amanu Inc. (LA entity),DTC e-commerce (ships globally); Kibera (Kenya) artisan community (AMANU Academy); select stockists worldwide,"Not publicly disclosed (micro-brand, est. <$2M)",amanustudio.com/about; LinkedIn; Crunchbase; Studio C; ZoomInfo
Ancient Greek Sandals,ancient-greek-sandals.com,Luxury handmade women's & men's sandals; inspired by ancient Greek aesthetics; leather accessories & homewares,2012,"Athens, Greece (production & main HQ: Oinófita, Evvoia, Greece); London office (150 Royal College St, NW1)",N/A,"S.A. (Société Anonyme, Greece) — Ancient Greek Sandals Single Member S.A.; Private company, co-founded by Christina Martini and Nikolas Minoglou",~30 (Hole & Corner 2022 interview '30 people at HQ Athens'),Not disclosed,Ancient Greek Sandals Single Member S.A.,"Wholesale: Colette (historical), Net-A-Porter, Mytheresa, Matches, Selfridges, Le Bon Marché, Barneys; growing DTC; planning retail Athens/Mykonos; 51% avg growth since launch",Not publicly disclosed (est. ~$5–20M based on wholesale accounts),ancient-greek-sandals.com/our-story; BoF; Crunchbase; ZoomInfo; Hole & Corner; ImpacTalk
Andrea Fohrman,andreafohrman.com,"Fine jewelry — celestial, nature-inspired; 14k gold, vibrant gemstones, moon phase motifs; rings, earrings, necklaces",2004,"Los Angeles, California, USA (studio; artisans also in NYC Diamond District)",N/A,"LLC — Andrea Fohrman LLC / Andrea Fohrman Fine Jewelry LLC; Private company, sole proprietorship",~1–10 (independent studio),Not disclosed,Andrea Fohrman LLC,"DTC online + CFDA member; wholesale via Liberty London, select boutiques worldwide; Tucson Gem Show sourcing",Not publicly disclosed (est. <$5M),andreafohrman.com/our-story; CFDA; ZoomInfo; theeyeofjewelry.com; Liberty London
Another Tomorrow,anothertomorrow.co,"Sustainable luxury womenswear — B Corp certified; organic cotton, wool, linen; digital QR supply-chain transparency; also authenticated resale",2020,"New York City, NY, USA (HQ + NYC brick-and-mortar store)",N/A,Private company (B Corp Certified); founded by Vanessa Barboni Hallik (ex-Morgan Stanley MD); co-founder Jane Chung (ex-DKNY),~11–50 (LinkedIn est.),Not disclosed,Another Tomorrow Inc. (one entity),"NYC store + DTC e-commerce; wholesale (Neiman Marcus, Saks); global shipping; featured in Vogue, NYT T Magazine, Italian Vogue",Not publicly disclosed (early-stage luxury DTC; est. $3–10M),Wikipedia; anothertomorrow.co; Madame Architect interview; No Kill Mag; Impact Podcast
BODE New York,bodenewyork.com,"American luxury menswear & womenswear (since 2023) — antique/deadstock textiles, quilting, patchwork, appliqué; storytelling-driven",2016,"161 Water Street, New York, NY 10038, USA (office); 31 Mott St, NYC (flagship store)",N/A,"Private family company (Bode New York LLC) — co-owned by Emily Adams Bode Aujla (designer), Aaron Aujla (partner) and Dev Aujla (CEO); LVMH investment discussions reported 2025",~41 (Buzzfile); ~6 at HQ location,Not disclosed,Bode New York LLC,"NYC flagship (Chinatown/Mott St); LA store (2022); 105 wholesale accounts 2021; London major market; Paris Fashion Week Men's (2019); sold in Browns, MatchesFashion, Bergdorf, Moda Operandi",≈ $3M est. (RocketReach 2025); $1.3M (Buzzfile HQ-only); 70% DTC in 2021; profitable from start,Wikipedia; bode.com/about; BoF; RocketReach; Buzzfile; Puck News
BONDI BORN,bondiborn.com,"Luxury swimwear & resort wear — sustainable fabrics (ECONYL, recycled nylon); Australian-inspired",2018,"Sydney, New South Wales, Australia",N/A,"Private company (Bondi Born Pty Ltd), Australia",~11–50,Not disclosed,Bondi Born Pty Ltd,"DTC e-commerce (global); wholesale via Net-A-Porter, Revolve, Shopbop, Saks",Not publicly disclosed (est. ~$3–10M),bondiborn.com; LinkedIn; ZoomInfo
BPE,daniellefrankelstudio.com,"Bridal & occasion wear — custom-designed, atelier-quality; operated as Danielle Frankel Studio",2017,"New York City, NY, USA",N/A,"Private company, founded by Danielle Frankel",~5–15,Not disclosed,Danielle Frankel Studio LLC,"NYC studio; wholesale via Net-A-Porter, BHLDN; ships globally","Not publicly disclosed (niche bridal, est. <$3M)",daniellefrankelstudio.com; ZoomInfo; LinkedIn
Barton Perreira,bartonperreira.com,"Luxury eyewear — handcrafted frames (acetate, titanium); sunglasses & optical; premium American-Japanese craftsmanship",2007,"Los Angeles, California, USA",N/A,"Private company (Barton Perreira LLC), co-founded by Bill Barton and Patty Perreira",~11–50,Not disclosed,Barton Perreira LLC,"LA flagship; wholesale in 200+ premium optical boutiques globally (US, EU, Asia, Middle East)",Not publicly disclosed (est. ~$10–30M),bartonperreira.com; ZoomInfo; LinkedIn; CFDA
Berceau (Almasika),almasika.com,"Fine jewelry — geometric, talismanic, sculptural; 18k gold, precious stones; brand in your CSV referenced as 'Berceau' under almasika.com",2014,"New York, NY, USA",N/A,"Private company, founded by Catherine Sarr",~2–10,Not disclosed,Almasika LLC,"DTC online; select boutiques worldwide (Bergdorf Goodman, Goop, Net-A-Porter)",Not publicly disclosed (est. <$3M),almasika.com; ZoomInfo; LinkedIn
Borgo de Nor,borgodenor.com,"Contemporary womenswear — vibrant prints, silk, resort wear, dresses; London-based",2017,"London, United Kingdom",N/A,"Private Limited Company (UK), co-founded by sisters Daniella and Dasha Baroch",~11–50,Not disclosed,Borgo de Nor Ltd (UK),"DTC + wholesale worldwide (Liberty London, Net-A-Porter, Selfridges); shown at London Fashion Week",Not publicly disclosed (est. ~$2–8M),borgodenor.com; Companies House UK; LinkedIn
Brent Neale,brentneale.com,"Fine jewelry — playful, colorful enamel, 18k gold, bold cocktail rings, earrings; NYC-made",2014,"New York, NY, USA",N/A,"Private company (Brent Neale LLC), founded by Brent Neale Tucker",~5–15,Not disclosed,Brent Neale LLC,"NYC studio + DTC; wholesale (Bergdorf Goodman, Net-A-Porter, Moda Operandi, Anthropologie)",Not publicly disclosed (est. ~$2–8M),brentneale.com; ZoomInfo; LinkedIn; CFDA
By Pariah,bypariah.com,"Fine jewelry — gold filled, vermeil, minimalist everyday jewelry; sustainable, ethical sourcing",2015,Australia (online-first DTC),N/A,"Private company, Australia",~2–10,Not disclosed,By Pariah Pty Ltd,"DTC e-commerce (global); Australian-founded, ships worldwide",Not publicly disclosed (est. <$3M),bypariah.com; LinkedIn
CARLO MORETTI (via Emporio Sirenuse),emporiosirenuse.com,"Venetian glass lifestyle objects & gifts; distributed via Emporio Sirenuse (hotel boutique of Le Sirenuse, Positano)",1958 (Carlo Moretti glassworks Murano); Emporio Sirenuse – 1990s,"Via Cristoforo Colombo 30, Positano (SA) 84017, Italy (Le Sirenuse / Emporio Sirenuse)",N/A,S.r.l. — Carlo Moretti S.r.l. (Murano); Emporio Sirenuse S.r.l. (Positano). Both private Italian companies,~20–50 (combined),Not disclosed,Carlo Moretti S.r.l. + Emporio Sirenuse S.r.l.,"Positano boutique + online; wholesale (MoMA Design Store, high-end lifestyle retailers)",Not publicly disclosed,emporiosirenuse.com; carlomoretti.com; Wikipedia (Carlo Moretti)
CDLP,cdlp.se,"Luxury underwear & loungewear — TENCEL lyocell, sustainable fabrics; men's & women's basics",2016,"Stockholm, Sweden",N/A,"Private company (Christoffer Löfgren AB / CDLP AB), co-founded by Andreas Palm and Christian Larson",~25–75,Not disclosed,CDLP AB (Sweden),"DTC e-commerce (global); wholesale (Mr Porter, Net-A-Porter, Selfridges, Matchesfashion)",Not publicly disclosed (est. ~$10–30M),cdlp.se; LinkedIn; Tracxn
CHARO RUIZ,charoruiz.com,"Luxury resort wear & beachwear — crochet, lace, embroidery; Ibiza-born aesthetic",1990,"Ibiza, Spain",N/A,"S.L. (Sociedad Limitada) — Private Spanish company, founded by Charo Ruiz",~50–100,Not disclosed,Charo Ruiz Ibiza S.L.,Ibiza flagship + showrooms; 200+ wholesale stockists worldwide; e-commerce global,Not publicly disclosed (est. ~$10–30M),charoruiz.com; ZoomInfo; LinkedIn
Cabana Magazine,cabanamagazine.com,Luxury interiors & lifestyle magazine + limited-edition textile/home objects; biannual publication,2012,"Milan, Italy",N/A,"Private company (S.r.l.), co-founded by Martina Mondadori Sartogo",~11–50,Not disclosed,Cabana S.r.l.,"Published & distributed globally; sold at Colette (historical), Liberty, MoMA; events in NYC, London, Milan, Paris",Not publicly disclosed,cabanamagazine.com; LinkedIn; ZoomInfo
Calle Del Mar LLC,calledelmar.com,"Luxury swimwear & resortwear — sustainable fabrics, inclusive sizing",2018,"New York, NY, USA",N/A,LLC — Private company,~2–10,Not disclosed,Calle Del Mar LLC,DTC e-commerce; select wholesale,Not publicly disclosed (est. <$3M),calledelmar.com; ZoomInfo
Carolina Bucci,carolinabucci.com,"Fine & luxury jewelry — Florentine woven gold (Florentine finish), bracelets, necklaces, rings; Italian craftsmanship",2004,"Florence, Italy (family workshop heritage); London office/showroom",N/A,"Private company (Bucci family), founded by Carolina Bucci",~10–30,Not disclosed,Carolina Bucci Ltd (UK entity) + Italian entities,"No standalone stores; wholesale worldwide (Net-A-Porter, Bergdorf, Harrods, Matches); DTC online; global celebrity following",Not publicly disclosed (est. ~$5–20M),carolinabucci.com; ZoomInfo; LinkedIn; CFDA
Christian Siriano,christiansiriano.com,"Luxury womenswear & couture — eveningwear, ready-to-wear, accessories; inclusivity-champion; also collaborations (Payless, Starbucks, etc.)",2008,"260 W 36th Street, New York, NY 10018, USA",N/A,"LLC — Christian Siriano LLC; Private company, founded by Christian Siriano (Season 4 Project Runway winner)",~25–75 (LeadIQ est.),Not disclosed,Christian Siriano LLC,NYC flagship (260 W 36th St); wholesale worldwide; shown at NYFW; global media/celebrity presence,Not publicly disclosed (est. ~$10–30M),christiansiriano.com; ZoomInfo; LinkedIn; WWD
Christopher Esber,christopheresber.com,"Contemporary womenswear & menswear — Australian luxury designer; sculptural draping, corsetry, linen",2012,"Sydney, New South Wales, Australia",N/A,Pty Ltd — Private company (Christopher Esber Pty Ltd),~11–50,Not disclosed,Christopher Esber Pty Ltd,"Sydney flagship; wholesale worldwide (Net-A-Porter, Ssense, Moda Operandi, Shopbop); Australian Fashion Week; ships globally",Not publicly disclosed (est. ~$5–20M),christopheresber.com; ZoomInfo; LinkedIn; Vogue Australia
Christopher John Rogers,christopherjohnrogers.com,"Luxury womenswear — maximalist, color-saturated, sculptural; couture-adjacent; eveningwear",2016,"New York, NY, USA",N/A,"LLC — Private company; CFDA/Vogue Fashion Fund winner 2020; worn by Michelle Obama, Beyoncé",~11–50,Not disclosed,Christopher John Rogers LLC,"No standalone store; wholesale worldwide (Net-A-Porter, Saks, Bergdorf, Farfetch); shown at NYFW",Not publicly disclosed (est. ~$3–10M),christopherjohnrogers.com; ZoomInfo; LinkedIn; BoF
Clio Peppiatt,cliopeppiatt.co.uk,"Contemporary womenswear & accessories — whimsical, maximalist, retro-inspired; dresses, knitwear",2015,"London, United Kingdom",N/A,"Ltd — Clio Peppiatt Ltd (UK Companies House); Private company, founded by Clio Peppiatt",~5–20,Not disclosed,Clio Peppiatt Ltd (UK),"DTC online; wholesale (ASOS, Selfridges, Wolf & Badger)",Not publicly disclosed (est. ~$1–5M),cliopeppiatt.co.uk; Companies House UK; LinkedIn
Comme Si,commesi.com,"Premium socks & hosiery — sustainable, Egyptian cotton, Merino wool; elevated basics",2019,"New York, NY, USA",N/A,"Private company (Comme Si LLC), founded by Jessica Tay and Farida Jahanpour-Graff",~5–20,Not disclosed,Comme Si LLC,"DTC e-commerce (global); wholesale (Net-A-Porter, Goop, Saks, Bergdorf); ships worldwide",Not publicly disclosed (est. ~$2–8M),commesi.com; LinkedIn; ZoomInfo
Cortana,cortana.es,"Luxury bridal & womenswear — artisanal Spanish couture; silk, lace, minimal silhouettes",1994,"Barcelona, Spain",N/A,"S.L. — Cortana SL; Private Spanish company, founded by Rosa Tous Mateu",~20–50,Not disclosed,Cortana SL,Barcelona atelier + e-shop; wholesale globally; shown at Barcelona Bridal Fashion Week,Not publicly disclosed (est. ~$3–10M),cortana.es; LinkedIn; ZoomInfo
Diotima,diotima.world,"Contemporary womenswear — Caribbean-inspired, handcrafted crochet, natural fibers; designed by Rachel Scott",2020,"New York, NY, USA",N/A,"Private company (Diotima LLC), founded by Rachel Scott",~2–10,Not disclosed,Diotima LLC,"DTC online; wholesale (Bergdorf, Net-A-Porter, Ssense); CFDA member","Not publicly disclosed (est. <$3M, early-stage)",diotima.world; ZoomInfo; LinkedIn; CFDA
Doen,shopdoen.com,"Women's ready-to-wear — romantic, vintage-inspired, sustainable fabrics; dresses, tops, knitwear",2015,"Los Angeles, California, USA",N/A,"Private company (Doen LLC), co-founded by sisters Margaret and Katherine Kleveland",~50–100 (LeadIQ est.),Not disclosed,Doen LLC,LA flagship + NYC pop-ups; DTC e-commerce (strong Instagram-driven); wholesale limited; ships globally,Not publicly disclosed (est. ~$20–60M based on brand scale),shopdoen.com; ZoomInfo; LinkedIn; BoF
DÉHANCHE,dehanche.com,"Luxury belts & leather accessories — handcrafted, maximalist designs; statement waist belts",2015,"New York, NY, USA",N/A,"Private company, founded by Heidi Vanden Bosch",~2–10,Not disclosed,Déhanche LLC,"DTC e-commerce; wholesale (Net-A-Porter, Bergdorf, Barneys historical)",Not publicly disclosed (est. <$3M),dehanche.com; ZoomInfo; LinkedIn
ESCVDO,escvdo.com,"Contemporary womenswear — Peruvian-inspired, sustainable, artisan textiles; color-driven",2015,"Lima, Peru / New York, NY, USA",N/A,"Private company, founded by Cynthia Davalos",~5–20,Not disclosed,ESCVDO SAC (Peru),"Lima + NYC presence; wholesale (Moda Operandi, Net-A-Porter); ships globally",Not publicly disclosed (est. <$5M),escvdo.com; LinkedIn; ZoomInfo
Edition (Cecilie Bahnsen),ceciliebahnsen.com,"Luxury womenswear — sculptural volumes, organza, tulle, Danish minimalist-meets-romantic aesthetic",2015,"Copenhagen, Denmark",N/A,ApS (Danish private limited company) — Cecilie Bahnsen ApS; Private,~20–50 (LinkedIn est.),Not disclosed,Cecilie Bahnsen ApS,"Copenhagen studio; wholesale globally (Net-A-Porter, Ssense, Matches, Bergdorf, Selfridges); LVMH Prize finalist 2019; Paris Fashion Week",Not publicly disclosed (est. ~$5–15M),ceciliebahnsen.com; LinkedIn; ZoomInfo; BoF
El Sol (Faithfull the Brand),faithfullthebrand.com,"Contemporary women's resort wear — vintage-inspired prints, linen, vacation dresses",2012,"Bali, Indonesia (production & HQ); Copenhagen, Denmark (founders)",N/A,"Private company, co-founded by Sarah-Jane Taylor and Helle Them-Enger",~50–100,Not disclosed,Faithfull the Brand Pty Ltd (Australia) / Indonesian entity,"DTC e-commerce (global); wholesale (Net-A-Porter, Revolve, ASOS, Nordstrom); pop-up stores",Not publicly disclosed (est. ~$20–50M),faithfullthebrand.com; ZoomInfo; LinkedIn; BoF
Emme Parsons,emmeparsons.com,"Luxury women's footwear — handcrafted flats, slides, mules; natural materials, understated elegance",2016,"New York, NY, USA",N/A,"Private company, founded by Emme Parsons",~5–20,Not disclosed,Emme Parsons LLC,"DTC online; wholesale (Moda Operandi, Net-A-Porter, Bergdorf, Shopbop, Ssense)",Not publicly disclosed (est. ~$2–8M),emmeparsons.com; ZoomInfo; LinkedIn; CFDA
FFORME,fforme.com,"Luxury womenswear — body-conscious, sculptural forms; inclusive sizing; premium fabrics",2021,"New York, NY, USA",N/A,"Private company, founded by former Net-A-Porter president Alison Loehnis and designer Pamela Love (advisor)",~11–30,Not disclosed,FFORME LLC,"DTC online; wholesale (Net-A-Porter, Moda Operandi)",Not publicly disclosed (est. ~$2–8M),fforme.com; ZoomInfo; LinkedIn; BoF
FoundRae,foundrae.com,"Fine jewelry — talisman, narrative-driven medallions, chains, 18k gold, diamonds; storytelling design",2015,"New York, NY, USA (NYC flagship + studio)",N/A,"Private company (FoundRae LLC), founded by Beth Bugdaycay",~25–75,Not disclosed,FoundRae LLC,"NYC flagship + Aspen, Nantucket pop-ups; wholesale (Net-A-Porter, Bergdorf, Saks, Shopbop, Moda Operandi); global DTC",Not publicly disclosed (est. ~$5–20M),foundrae.com; ZoomInfo; LinkedIn; CFDA
GABRIELA HEARST,gabrielahearst.com,"Sustainable luxury womenswear — ready-to-wear, knitwear, handbags; Uruguayan heritage; Chloé Creative Director 2021–2023",2015,"New York, NY, USA (HQ at 819 Madison Ave flagship; also London Mayfair flagship)",N/A,"Private company (Gabriela Hearst LLC), founded by Gabriela Hearst; LFMH awarded",~50–100,Not disclosed,Gabriela Hearst LLC,"NYC flagship (Madison Ave); London (Carlos Place, Mayfair); wholesale (Net-A-Porter, Bergdorf, Neiman Marcus, Harrods); shown at NYFW & Paris",Not publicly disclosed (est. ~$20–50M),gabrielahearst.com; ZoomInfo; LinkedIn; BoF; Wikipedia
GALVAN,galvanlondon.com,"Luxury womenswear — eveningwear, occasionwear; silk, sequins, bias-cut; London-based",2012,"London, United Kingdom",N/A,"Ltd — Galvan London Ltd (UK Companies House); Private, co-founded by Sophie Dries, Ruth Chapman, Charlie Jones",~11–50,Not disclosed,Galvan London Ltd,"DTC online; wholesale (Net-A-Porter, Ssense, Farfetch, Matches); global celebrity following",Not publicly disclosed (est. ~$5–15M),galvanlondon.com; Companies House UK; ZoomInfo; LinkedIn
Gigi Burris,gigiburris.com,"Luxury millinery — handcrafted hats, headpieces; bridal & occasion wear; NYC atelier",2008,"New York, NY, USA",N/A,"Private company (Gigi Burris LLC), founded by Gigi Burris Millinery",~2–10,Not disclosed,Gigi Burris LLC,"NYC atelier; wholesale (Bergdorf Goodman, Shopbop, Net-A-Porter); custom bridal commissions worldwide",Not publicly disclosed (est. <$3M),gigiburris.com; ZoomInfo; LinkedIn; CFDA
God's True Cashmere,godstruecashmere.com,"Luxury cashmere — hand-dyed, limited-edition premium knitwear; artisanal Scottish/Italian production",2012,"London, United Kingdom / New York, NY, USA",N/A,"Private Ltd company, founded by David Mason",~5–20,Not disclosed,God's True Cashmere Ltd,"DTC + select wholesale (Harrods, Net-A-Porter, specialty retailers); ships globally",Not publicly disclosed (est. ~$2–8M),godstruecashmere.com; ZoomInfo; LinkedIn
Hunting Season,hunting-season.com,"Luxury handbags & accessories — exotic skins, woven leather, elegant minimalism; NYC-based",2011,"New York, NY, USA",N/A,"Private company (Hunting Season LLC), co-founded by Valentina Castro and Renata Castro",~5–20,Not disclosed,Hunting Season LLC,"DTC + wholesale (Bergdorf, Net-A-Porter, Shopbop)",Not publicly disclosed (est. ~$2–10M),hunting-season.com; ZoomInfo; LinkedIn; CFDA
Jacques Marie Mage,jacquesmariemage.com,"Luxury eyewear — hand-finished acetate frames; ultra-limited editions; theatrical, collectible sunglasses & optical",2014,"Los Angeles, California, USA",N/A,"Private company (Jacques Marie Mage LLC), founded by Jerome Mage",~20–50,Not disclosed,Jacques Marie Mage LLC,LA HQ; 100+ select optical boutiques worldwide; strong secondary market resales; celebrity following,Not publicly disclosed (est. ~$10–30M),jacquesmariemage.com; ZoomInfo; LinkedIn; Highsnobiety
Jacquie Aiche,jacquieaiche.com,"Fine jewelry — body chains, boho-luxe, gold, diamonds, turquoise; LA-based",2010,"Los Angeles, California, USA",N/A,"Private company, founded by Jacquie Aiche",~11–50,Not disclosed,Jacquie Aiche LLC,"LA flagship + online; wholesale (Net-A-Porter, Barneys historical, Fred Segal); celebrity clientele (Beyoncé, Kate Moss)",Not publicly disclosed (est. ~$5–20M),jacquieaiche.com; ZoomInfo; LinkedIn; Vogue
James Perse,jamesperse.com,"Luxury casual lifestyle — supima cotton jersey, clean minimalism; menswear, womenswear, home",1994,"Los Angeles, California, USA (HQ + flagship stores)",N/A,"Private company (James Perse Enterprises Inc.), founder James Perse",~200–500,Not disclosed,James Perse Enterprises Inc.,"30+ flagship stores across USA (LA, NYC, Hawaii, Malibu) + Japan, Hong Kong; DTC + wholesale (Nordstrom, Saks)",Not publicly disclosed (est. ~$50–150M),jamesperse.com; ZoomInfo; LinkedIn; BoF
Jennifer Chamandi,jenniferchamandi.com,"Luxury women's shoes — strappy heels, mules, sculptural leather footwear; London/Lebanese aesthetic",2016,"London, United Kingdom",N/A,"Ltd — Jennifer Chamandi Ltd (UK); Private, founded by Jennifer Chamandi",~5–20,Not disclosed,Jennifer Chamandi Ltd (UK),"DTC online; wholesale (Harrods, Bergdorf, Net-A-Porter, Moda Operandi)",Not publicly disclosed (est. ~$2–8M),jenniferchamandi.com; Companies House UK; ZoomInfo; LinkedIn
Jennifer Meyer,jennifermeyer.com,"Fine jewelry — delicate, nature-inspired (leaves, flowers), 18k gold, diamonds; celebrity-favourite demi-fine",2005,"Los Angeles, California, USA",N/A,"Private company (Jennifer Meyer Inc.), founded by Jennifer Meyer",~11–50,Not disclosed,Jennifer Meyer Inc.,"LA boutique; wholesale (Barneys historical, Net-A-Porter, Goop, Shopbop); global DTC; extensive celebrity clientele",Not publicly disclosed (est. ~$10–30M),jennifermeyer.com; ZoomInfo; LinkedIn; WWD
Judith Leiber Couture,judithleiber.com,"Luxury evening bags & minaudières — crystal-encrusted novelty clutches (food, animals, objects); iconic American accessories house",1963 (founded by Judith Leiber); 2016 relaunch as 'Judith Leiber Couture' post-acquisition,"New York, NY, USA",N/A,Private company — acquired by LIM Group in 2016; Judith Leiber Couture LLC,~50–100,Not disclosed,Judith Leiber LLC / Judith Leiber Couture LLC (under LIM Group),"NYC flagship (Madison Ave); wholesale globally (Neiman Marcus, Harrods, Saks, Net-A-Porter); museum collections (Smithsonian)",Not publicly disclosed (est. ~$20–50M),judithleiber.com; ZoomInfo; LinkedIn; Wikipedia; BoF
Juliette (Shopjulietta),shopjulietta.com,"Contemporary women's fashion — playful prints, feminine silhouettes, vacation wear",2020,"Miami, Florida, USA",N/A,Private company (Julietta Inc.),~5–20,Not disclosed,Julietta Inc.,DTC e-commerce; select wholesale,Not publicly disclosed (est. <$5M),shopjulietta.com; ZoomInfo; LinkedIn
Kall Meyer,kallmeyer.nyc,"Contemporary womenswear — sustainable, size-inclusive; tailored separates, dresses; NYC-made",2017,"New York, NY, USA",N/A,"Private company (Kallmeyer LLC), founded by Daniella Kallmeyer",~5–15,Not disclosed,Kallmeyer LLC,"DTC online; wholesale (Goop, Moda Operandi, Need Supply); ships globally",Not publicly disclosed (est. ~$1–5M),kallmeyer.nyc; ZoomInfo; LinkedIn; Vogue
Kika Vargas,kikavargas.com,"Contemporary womenswear — Colombian designer; artisan embroidery, bold colors, folkloric",2007,"Bogotá, Colombia",N/A,"SAS — Private Colombian company, founded by Kika Vargas",~20–50,Not disclosed,Kika Vargas SAS,"Bogotá flagship; wholesale (Net-A-Porter, Shopbop); ships globally; shown at Mercedes-Benz Fashion Week Bogotá",Not publicly disclosed (est. ~$3–10M),kikavargas.com; ZoomInfo; LinkedIn
Laura Lombardi,lauralombardi.com,"Fine jewelry — recycled brass, gold-fill, vintage-inspired chain jewelry; minimalist earrings, necklaces",2010,"New York, NY, USA",N/A,"Private company (Laura Lombardi LLC), founded by Laura Lombardi",~5–15,Not disclosed,Laura Lombardi LLC,"DTC online; wholesale (Net-A-Porter, Ssense, Shopbop, Free People, Anthropologie)",Not publicly disclosed (est. ~$2–8M),lauralombardi.com; ZoomInfo; LinkedIn
Les Tien,lestien.com,"Contemporary women's fashion — sweatshirts, pants, French-inspired basics; casual-luxury",2014,"Los Angeles, California, USA",N/A,"Private company, founded by Maxine Tien",~11–30,Not disclosed,Les Tien LLC,"DTC online; wholesale (Net-A-Porter, Ssense, Shopbop, Moda Operandi)",Not publicly disclosed (est. ~$3–10M),lestien.com; ZoomInfo; LinkedIn
Lie Studio,lie-studio.com,"Scandinavian contemporary womenswear — understated, earth tones, quality basics, Copenhagen design",2014,"Copenhagen, Denmark",N/A,"ApS — Lie Studio ApS; Private Danish company, founded by Lina Larsen",~11–30,Not disclosed,Lie Studio ApS,"Copenhagen flagship; DTC online; wholesale (Ssense, Wolf & Badger, Selfridges); ships globally",Not publicly disclosed (est. ~$3–10M),lie-studio.com; LinkedIn; ZoomInfo
Lisa Yang,us.lisa-yang.com,"Luxury knitwear — cashmere tops, cardigans, dresses; minimalist Scandinavian-meets-Asian aesthetic",2019,"Stockholm, Sweden",N/A,"AB — Lisa Yang AB; Private Swedish company, founded by Lisa Yang",~11–30,Not disclosed,Lisa Yang AB,"DTC online + Stockholm showroom; wholesale (Net-A-Porter, Bergdorf, Mytheresa); ships globally",Not publicly disclosed (est. ~$5–15M),lisa-yang.com; ZoomInfo; LinkedIn
Lizzie Fortunato,lizziefortunato.com,"Fine & fashion jewelry — beaded, handcrafted, colorful; artisan-made in NY and globally",2007,"New York, NY, USA",N/A,"Private company (Lizzie Fortunato LLC), co-founded by Lizzie and Kathryn Fortunato (sisters)",~11–30,Not disclosed,Lizzie Fortunato LLC,"DTC online; wholesale (Bergdorf, Net-A-Porter, Shopbop, Saks, Anthropologie)",Not publicly disclosed (est. ~$3–10M),lizziefortunato.com; ZoomInfo; LinkedIn; CFDA
Loren Stewart,lorenstewart.com,"Fine jewelry — 14k gold, minimalist everyday pieces; chains, earrings, rings; LA-based",2010,"Los Angeles, California, USA",N/A,"Private company (Loren Stewart LLC), founded by Loren Stewart",~11–30,Not disclosed,Loren Stewart LLC,"LA flagship + NYC pop-ups; wholesale (Net-A-Porter, Shopbop, Moda Operandi, Barneys historical)",Not publicly disclosed (est. ~$3–15M),lorenstewart.com; ZoomInfo; LinkedIn; Vogue
MAISON MAYLE,maisonmayle.com,"French-inspired Parisian womenswear — Liberty prints, vintage-inspired dresses, blouses; NY brand",2001,"New York, NY, USA (currently dormant/hiatus periods)",N/A,"Private company, founded by Jane Mayle","~2–10 (micro, intermittent activity)",Not disclosed,Maison Mayle LLC,"Limited DTC; cult following; historical wholesale (Barneys, Liberty)",Not publicly disclosed (est. <$2M),maisonmayle.com; ZoomInfo; LinkedIn
MARRAKSHI LIFE,marrakshilife.com,"Artisan-crafted Moroccan-inspired resort wear, kaftans & lifestyle objects; sustainable, hand-loomed",2010,"Marrakesh, Morocco",N/A,"Private company, founded by Randall Bachner",~20–50 (artisan-based),Not disclosed,Marrakshi Life SARL (Morocco),"Marrakesh boutique + online; wholesale (Need Supply, specialty boutiques)",Not publicly disclosed (est. ~$1–5M),marrakshilife.com; ZoomInfo; LinkedIn
Maria McManus,mariamcmanus.com,"Sustainable luxury womenswear — certified organic fabrics (GOTS, OEKO-TEX), minimalist tailoring",2018,"New York, NY, USA",N/A,"Private company, founded by Maria McManus",~5–15,Not disclosed,Maria McManus LLC,"DTC online; wholesale (Net-A-Porter, Goop, Moda Operandi)",Not publicly disclosed (est. ~$2–8M),mariamcmanus.com; ZoomInfo; LinkedIn
Marlo Laz,marlolaz.com,"Fine jewelry — celestial, mythological, talismanic; 18k gold, gemstones; bespoke NYC ateliers",2010,"New York, NY, USA",N/A,"Private company, founded by Marlo Laz (née Marion Lazaro)",~5–15,Not disclosed,Marlo Laz LLC,"DTC online + NYC showroom; wholesale (Bergdorf, Net-A-Porter, Moda Operandi, Saks)",Not publicly disclosed (est. ~$2–8M),marlolaz.com; ZoomInfo; LinkedIn; CFDA
Marta Ferri,shop.martaferri.com,"Contemporary Italian womenswear — artisanal, embroidered, resort & eveningwear",2010,"Milan, Italy",N/A,"S.r.l. — Private Italian company, founded by Marta Ferri",~10–30,Not disclosed,Marta Ferri S.r.l.,"Milan studio; DTC online; wholesale (Moda Operandi, select international boutiques)",Not publicly disclosed (est. ~$2–8M),martaferri.com; ZoomInfo; LinkedIn
Martha Calvo,marthacalvo.com,"Demi-fine jewelry — gold-filled, shell, coral, natural elements; LA-based bohemian",2012,"Los Angeles, California, USA",N/A,"Private company, founded by Martha Calvo",~5–20,Not disclosed,Martha Calvo LLC,"DTC online; wholesale (Net-A-Porter, Shopbop, Revolve, Anthropologie)",Not publicly disclosed (est. ~$2–8M),marthacalvo.com; ZoomInfo; LinkedIn
Mary Katrantzou,marykatrantzou.com,"Luxury womenswear — digital print pioneer; architectural forms, bold graphics, couture-adjacent",2008,"London, United Kingdom",N/A,"Ltd — Mary Katrantzou Ltd (UK Companies House); Private, founded by Mary Katrantzou",~25–75 (LinkedIn est.),Not disclosed,Mary Katrantzou Ltd,"London HQ; wholesale worldwide (Net-A-Porter, Matches, Bergdorf, Harrods, Mytheresa); shown at LFW; global celebrity following",Not publicly disclosed (est. ~$10–30M),marykatrantzou.com; Companies House UK; ZoomInfo; LinkedIn; BoF
Marysia,marysia.com,"Luxury swimwear & resort wear — scallop-edge signature, minimalist, sustainable fabrics",2009,"Los Angeles, California, USA",N/A,"Private company (Marysia LLC), founded by Marysia Dobrzanska Reeves",~25–75,Not disclosed,Marysia LLC,"LA flagship; wholesale worldwide (Net-A-Porter, Bergdorf, Shopbop, Revolve, Harrods, Matches)",Not publicly disclosed (est. ~$10–30M),marysia.com; ZoomInfo; LinkedIn; Vogue
Matteo (Matteo LA),matteola.com,"Luxury bed & bath linens — Italian-washed, stone-washed linen; lifestyle home textiles",2009,"Los Angeles, California, USA",N/A,"Private company (Matteo LLC), founded by Scott Portnoy",~11–30,Not disclosed,Matteo LLC,"DTC online; wholesale (Bloomingdale's, Nordstrom, Pottery Barn, luxury hotel brands)",Not publicly disclosed (est. ~$5–15M),matteola.com; ZoomInfo; LinkedIn
Maygel Coronel,maygelcoronel.com,"Luxury swimwear — Colombian, artisan-crafted, hand-crocheted, tropical, bold designs",2014,"Cartagena, Colombia",N/A,"SAS — Private Colombian company, founded by Maygel Coronel",~20–50 (artisan-based),Not disclosed,Maygel Coronel SAS,"Cartagena + online; wholesale (Net-A-Porter, Shopbop, Revolve, Moda Operandi); celebrity following",Not publicly disclosed (est. ~$3–10M),maygelcoronel.com; ZoomInfo; LinkedIn; Vogue
Melissa Joy Manning,melissajoymanning.com,"Fine jewelry — ethical, recycled metals, fair-trade gemstones; sustainable fine jewelry, Berkeley/NY",1993,"Oakland/Berkeley, California, USA (studio); NYC showroom",N/A,"Private company (Melissa Joy Manning LLC), founded by Melissa Joy Manning",~11–30,Not disclosed,Melissa Joy Manning LLC,"Oakland flagship + NYC showroom; wholesale (Barneys historical, Bergdorf, Shopbop, Moda Operandi)",Not publicly disclosed (est. ~$3–10M),melissajoymanning.com; ZoomInfo; LinkedIn; CFDA
Mizuki,mizukijewels.com,"Fine jewelry — freshwater pearls, gold, diamond; modern, minimalist Japanese-American aesthetic",2010,"New York, NY, USA",N/A,"Private company (Mizuki LLC), founded by Mizuki Goltz",~5–20,Not disclosed,Mizuki LLC,"DTC online + NYC showroom; wholesale (Net-A-Porter, Shopbop, Bergdorf)",Not publicly disclosed (est. ~$2–8M),mizukijewels.com; ZoomInfo; LinkedIn
Mothers Day (Agua by Agua Bendita),aguabyaguabendita.com,"Luxury swimwear & resort wear — Colombian, hand-painted prints, artisan crochet, tropical",2008 (Agua by Agua Bendita),"Barranquilla, Colombia",N/A,"SAS — Private Colombian company (Agua Bendita SAS), co-founded by Catalina Álvarez and Mariana Hinestroza",~50–100,Not disclosed,Agua Bendita SAS,"Colombia headquarters; wholesale worldwide (Shopbop, Net-A-Porter, Revolve, Saks); global celebrity following",Not publicly disclosed (est. ~$10–30M),aguabyaguabendita.com; ZoomInfo; LinkedIn; Vogue
Nili Lotan,nililotan.com,"Luxury womenswear — minimalist, Israeli-American designer; linen, silk, cashmere; relaxed luxury",2003,"New York, NY, USA (TriBeCa flagship; multiple NYC stores)",N/A,"Private company (Nili Lotan LLC), founded by Nili Lotan",~50–100,Not disclosed,Nili Lotan LLC,"NYC flagships (multiple); LA; Bridgehampton; wholesale worldwide (Net-A-Porter, Bergdorf, Shopbop, Saks); ships globally",Not publicly disclosed (est. ~$20–60M),nililotan.com; ZoomInfo; LinkedIn; BoF
Olympia Le-Tan,olympialetan.com,"Luxury accessories — embroidered clutch bags (book/literary covers), leather goods; Parisian creative-novelty",2010,"Paris, France",N/A,"SARL — Private French company (Olympia Le-Tan SARL), founded by Olympia Le-Tan",~5–20,Not disclosed,Olympia Le-Tan SARL,"Paris atelier; wholesale worldwide (Net-A-Porter, Matches, Barneys historical, Harrods); global celebrity following",Not publicly disclosed (est. ~$2–10M),olympialetan.com; ZoomInfo; LinkedIn; Vogue Paris
Ortovox (Aztech Mountain),aztechmountain.com,Luxury ski & mountain outerwear — technical heritage designs; Aztech Mountain is a NYC luxury skiwear brand (separate from German Ortovox),2014 (Aztech Mountain),"New York, NY, USA (Aztech Mountain); note: your CSV maps 'Ortovox' to aztechmountain.com — these are different brands",N/A,"Private company (Aztech Mountain LLC), co-founded by Adam Mimeles",~11–30,Not disclosed,Aztech Mountain LLC,"DTC online; wholesale (Bergdorf, Moda Operandi, Harrods); global ski resort retail",Not publicly disclosed (est. ~$5–20M),aztechmountain.com; ZoomInfo; LinkedIn
Oseree,oseree.com,"Luxury swimwear & resort wear — Italian, Lurex metallic knits, bodies, cover-ups",2015,"Rimini, Italy",N/A,"S.r.l. — Oseree S.r.l.; Private Italian company, founded by Massimo Franzoni",~11–50,Not disclosed,Oseree S.r.l.,"DTC online + Italian showroom; wholesale (Net-A-Porter, Shopbop, Ssense, Revolve, Matches)",Not publicly disclosed (est. ~$5–15M),oseree.com; ZoomInfo; LinkedIn; Vogue
PF24 (Alex Perry),alexperry.com.au,"Australian luxury eveningwear & couture — body-con gowns, structured glamour; red-carpet specialist",1998,"Sydney, New South Wales, Australia",N/A,"Pty Ltd — Alex Perry Pty Ltd; Private Australian company, founded by Alex Perry",~25–75,Not disclosed,Alex Perry Pty Ltd,"Sydney flagship; wholesale (Net-A-Porter, Shopbop, Revolve, department stores); international red-carpet presence",Not publicly disclosed (est. ~$5–20M),alexperry.com.au; ZoomInfo; LinkedIn; Vogue Australia
Paris Texas,us.paristexasbrand.com,"Contemporary footwear & accessories — Italian-made, pop-art inspired, vivid colors, ankle-boots",2019,"Milan, Italy",N/A,"S.r.l. — Private Italian company, co-founded by Francesca Rinaldi and Stefano Sellari",~11–30,Not disclosed,Paris Texas S.r.l.,"DTC online; wholesale (Net-A-Porter, Shopbop, Farfetch, Matches, Saks); ships globally",Not publicly disclosed (est. ~$3–10M),paristexasbrand.com; ZoomInfo; LinkedIn; Vogue Italia
R13,r13.com,"Luxury denim & ready-to-wear — premium jeans, leather pants, crossover pieces; NYC-based",2009,"New York, NY, USA",N/A,"Private company (R13 Denim LLC), founded by Chris Leba",~50–100,Not disclosed,R13 Denim LLC,"NYC flagships (Soho, Meatpacking); wholesale worldwide (Net-A-Porter, Barneys historical, Selfridges, Bergdorf, Ssense); global DTC",Not publicly disclosed (est. ~$20–60M),r13.com; ZoomInfo; LinkedIn; BoF
Ready to Wear (Elie Saab),eliesaab.com,"Luxury couture & ready-to-wear — Lebanese fashion house; eveningwear, bridal, ornate gowns",1982,"Beirut, Lebanon (HQ); Paris atelier (haute couture); showrooms in Dubai, NY",N/A,"Private company (Elie Saab Group SAL), founded by Elie Saab","~500–1,000",Not disclosed,"Elie Saab Group SAL; subsidiaries in France (ES Paris), UAE, USA","Paris atelier; flagship stores in Beirut, Paris, London, NYC, Dubai, Riyadh, Kuwait; 200+ points of sale worldwide; Paris Haute Couture Week",Not publicly disclosed (est. ~$100–200M group revenues),eliesaab.com; Wikipedia; BoF; ZoomInfo; LinkedIn
Retrofete,retrofete.com,"Contemporary womenswear — sequin party dresses, bold prints, affordable occasion wear",2017,"New York, NY, USA",N/A,"Private company (Retrofete Inc.), co-founded by Aviad Klin and Ohad Seroya",~25–75,Not disclosed,Retrofete Inc.,"NYC flagship; wholesale (Net-A-Porter, Revolve, Shopbop, Neiman Marcus, Saks); ships globally",Not publicly disclosed (est. ~$20–50M),retrofete.com; ZoomInfo; LinkedIn; BoF
Robinson Pelham,robinsonpelham.com,"Fine jewelry — bespoke, talisman, 18k gold, precious stones; London luxury ateliers",1994,"London, United Kingdom",N/A,"Ltd — Robinson Pelham Ltd (UK Companies House); Private, founded by Vanessa Chilton",~10–30,Not disclosed,Robinson Pelham Ltd,London boutique/atelier; wholesale and bespoke; worn by British royals and global celebrities,Not publicly disclosed (est. ~$5–15M),robinsonpelham.com; Companies House UK; ZoomInfo; LinkedIn
Rodarte,rodarte.net,"Luxury American couture & ready-to-wear — wearable art, intricate embellishment, ethereal; also costume/film",2005,"Los Angeles, California, USA",N/A,"LLC — Rodarte LLC; Private company, co-founded by Kate and Laura Mulleavy",~25–75,Not disclosed,Rodarte LLC,"No standalone stores; wholesale worldwide (Bergdorf, Net-A-Porter, Barneys historical, Matches); shown at NYFW & Paris Haute Couture; extensive museum exhibitions",Not publicly disclosed (est. ~$10–30M),rodarte.net; ZoomInfo; LinkedIn; BoF; Wikipedia
Rosie Assoulin,rosieassoulin.com,"Luxury womenswear — sculptural, architectural silhouettes; bold colors, party dresses",2013,"New York, NY, USA",N/A,"Private company (Rosie Assoulin LLC), founded by Rosie Assoulin",~11–30,Not disclosed,Rosie Assoulin LLC,"No standalone stores; wholesale (Net-A-Porter, Bergdorf, Ssense, Moda Operandi); shown at NYFW",Not publicly disclosed (est. ~$5–15M),rosieassoulin.com; ZoomInfo; LinkedIn; BoF
Ruslan Baginskiy,ruslanbaginskiy.com,"Luxury millinery — embroidered baker boy caps, berets, wide-brim hats; Ukrainian-born, global brand",2013,"Kyiv, Ukraine (studio); Warsaw, Poland (post-2022 operations)",N/A,"Private company, founded by Ruslan Baginskiy",~20–50,Not disclosed,Ruslan Baginskiy LLC (Ukraine),"DTC online + select stockists (Net-A-Porter, Mytheresa, Matches, LuisaViaRoma); global celebrity following (Meghan Markle, etc.)",Not publicly disclosed (est. ~$5–15M),ruslanbaginskiy.com; ZoomInfo; LinkedIn; Vogue
S.S. Daley,ssdaley.com,"Luxury menswear & womenswear — British heritage, tailoring, literary references; London-born",2021,"London, United Kingdom",N/A,"Ltd — S.S. Daley Ltd (UK Companies House); Private, founded by Steven Stokey-Daley",~11–30,Not disclosed,S.S. Daley Ltd,"London; wholesale (Net-A-Porter, Matches, Mr Porter, Browns, SSENSE); LVMH Prize 2022 winner; shown at LFW",Not publicly disclosed (est. ~$2–8M),ssdaley.com; Companies House UK; ZoomInfo; LinkedIn; BoF
SASUPHI,sasuphi.com,"Luxury footwear — Italian-made heels, slingbacks, loafers; feminine, minimal, Florentine craftsmanship",2019,"Florence, Italy",N/A,"S.r.l. — Private Italian company, co-founded by Sarah Phiri and Susanna Lelegard",~5–15,Not disclosed,Sasuphi S.r.l.,"DTC online; wholesale (Net-A-Porter, Shopbop, Farfetch, Mytheresa); ships globally",Not publicly disclosed (est. ~$2–8M),sasuphi.com; ZoomInfo; LinkedIn
SENSI STUDIO,sensistudio.com,"Luxury straw hats, bags & accessories — Ecuador hand-woven, resort aesthetic, Panama-inspired",2009,"Guayaquil, Ecuador",N/A,"Private company (Sensi Studio SAS/Corp), founded by María Elisa Molestina",~20–50 (artisan-based),Not disclosed,Sensi Studio Corp,"DTC online; wholesale (Net-A-Porter, Moda Operandi, Bergdorf, Shopbop, Harrods)",Not publicly disclosed (est. ~$3–10M),sensistudio.com; ZoomInfo; LinkedIn; BoF
SOPHIE BUHAI,sophiebuhai.com,"Fine jewelry & accessories — sculptural silver, gold, geometric forms; NYC-based",2012,"New York, NY, USA (formerly also LA)",N/A,"Private company (Sophie Buhai LLC), founded by Sophie Buhai",~5–15,Not disclosed,Sophie Buhai LLC,"DTC online; wholesale (Net-A-Porter, Ssense, Moda Operandi, Bergdorf)",Not publicly disclosed (est. ~$2–8M),sophiebuhai.com; ZoomInfo; LinkedIn; CFDA
STONE AND STRAND,stoneandstrand.com,"Fine jewelry — diamond, gemstone, 14k gold; bridal & everyday; NYC-based digital-first",2013,"New York, NY, USA",N/A,"Private company (Stone and Strand LLC), founded by Nadine McCarthy Kahane",~25–75,Not disclosed,Stone and Strand LLC,"DTC online; wholesale (Net-A-Porter, Shopbop, Nordstrom)",Not publicly disclosed (est. ~$5–20M),stoneandstrand.com; ZoomInfo; LinkedIn; BoF
Sacai,sacai.jp,"Japanese luxury ready-to-wear (women & men), hybrid-design apparel, accessories, footwear; known collabs (Nike, Dior, The North Face)",1999,"Minamiaoyama / Minato, Tokyo, Japan",N/A,Kabushiki Kaisha — 100% owned by Chitose Abe,~67–88,Not disclosed,Sacai CI Y.K.,Tokyo flagship; Paris Fashion Week since 2009; 175+ international retailers / 200+ stores worldwide,≈ $16M est. (RocketReach 2025),sacai.jp/about; Highsnobiety; BoF; RocketReach; Apollo
Serapian,serapian.com,"Luxury leather goods & handbags — Italian heritage brand (Milan, 1928); Mosaico signature",1928,"Milan, Italy",N/A,S.r.l. — Serapian Milano S.r.l.; acquired by LVMH group in 2011 as part of Loro Piana deal proximity; actually independent Italian family brand sold to Chinese investment,~50–150,Not disclosed,Serapian Milano S.r.l.,"Milan flagship; Rome; Venice; Tokyo; Dubai; wholesale (Net-A-Porter, Mytheresa, LuisaViaRoma)",Not publicly disclosed (est. ~$15–40M),serapian.com; ZoomInfo; LinkedIn; Wikipedia
Shay Furniture (Shay),shayfurniture.com,"NOTE: shayfurniture.com appears to be a different domain; 'Shay' in your dataset likely refers to Shay Jewelry (fine jewelry brand, NYC)",2014 (Shay Jewelry),"New York, NY, USA",N/A,Private company (Shay LLC),~5–20,Not disclosed,Shay LLC,"DTC online; wholesale (Bergdorf, Net-A-Porter, Saks)",Not publicly disclosed (est. ~$2–8M),shayjewelry.com; ZoomInfo; note: URL in dataset may be mislinked
Simone Rocha,shop-us.simonerocha.com,"Luxury womenswear — romantic, sculptural, Irish-British; tulle, lace, pearl embellishments",2010,"London, United Kingdom (HQ); Dublin, Ireland (origins)",N/A,"Ltd — Simone Rocha Ltd (UK Companies House); Private, founded by Simone Rocha",~25–75,Not disclosed,Simone Rocha Ltd,"London flagship (Mayfair); NYC flagship; wholesale worldwide (Net-A-Porter, Matches, Browns, Bergdorf, Mytheresa); shown at LFW; H&M collab 2021",Not publicly disclosed (est. ~$10–30M),simonerocha.com; Companies House UK; ZoomInfo; LinkedIn; BoF
Skin Worldwide,skinworldwide.com,"Contemporary women's basics — tank tops, bodysuits, underwear; minimalist, size-inclusive; Australian-American",2005,"New York, NY, USA / Melbourne, Australia",N/A,"Private company (Skin Inc.), founded by Trish Norris",~11–30,Not disclosed,Skin Inc.,"DTC + wholesale (Barneys historical, Net-A-Porter, Nordstrom, Moda Operandi)",Not publicly disclosed (est. ~$3–10M),skinworldwide.com; ZoomInfo; LinkedIn
Sophie Lou Jacobsen,sophieloujacobsen.com,"Fine jewelry — architectural, sculptural silver & gold, minimalist forms; NYC-based",2018,"New York, NY, USA",N/A,"Private company, founded by Sophie Lou Jacobsen",~2–10,Not disclosed,Sophie Lou Jacobsen LLC,"DTC online; wholesale (Net-A-Porter, Ssense, Bergdorf, Shopbop)",Not publicly disclosed (est. <$3M),sophieloujacobsen.com; ZoomInfo; LinkedIn
Sporty & Rich,sportyandrich.com,"Contemporary streetwear & lifestyle — wellness-inspired, retro sportswear, sweatshirts, totes; DTC-first",2014 (IG magazine concept); brand relaunched 2019,"New York, NY, USA",N/A,"Private company (Sporty & Rich Inc.), founded by Emily Oberg",~11–50,Not disclosed,Sporty & Rich Inc.,"NYC flagship + Paris store; DTC e-commerce (global); wholesale (Ssense, Net-A-Porter, KITH); collabs (Adidas, Lacoste)",Not publicly disclosed (est. ~$10–30M),sportyandrich.com; ZoomInfo; LinkedIn; Highsnobiety
Suzie Kondi,suziekondi.com,"Luxury resort wear — vibrant tie-dye, caftan, swimwear; Greek island lifestyle aesthetic",2018,"Greece / New York, NY, USA",N/A,"Private company, founded by Suzie Kondi",~5–15,Not disclosed,Suzie Kondi LLC,"DTC online; wholesale (Bergdorf, Net-A-Porter, Moda Operandi)",Not publicly disclosed (est. ~$1–5M),suziekondi.com; ZoomInfo; LinkedIn
Taller Marmo,tallermarmo.com,"Contemporary womenswear — printed caftans, silky dresses, vibrant resort & evening wear; Barcelona / Paris",2015,"Barcelona, Spain / Paris, France (showroom)",N/A,"S.L. — Taller Marmo SL; Private Spanish company, co-founded by Bruno Basso and Christopher Brooke",~11–50,Not disclosed,Taller Marmo SL,"DTC online; wholesale (Net-A-Porter, Matches, Mytheresa, Ssense, Bergdorf)",Not publicly disclosed (est. ~$5–20M),tallermarmo.com; ZoomInfo; LinkedIn; BoF
The Elder Statesman,elder-statesman.com,"Luxury cashmere knitwear — tie-dye, hand-loomed; California-crafted; cult brand",2007,"Los Angeles, California, USA",N/A,"Private company (Elder Statesman LLC), founded by Greg Chait",~25–75,Not disclosed,Elder Statesman LLC,"LA flagship; NYC; wholesale (Net-A-Porter, Bergdorf, Matches, Ssense)",Not publicly disclosed (est. ~$10–30M),elder-statesman.com; ZoomInfo; LinkedIn; BoF
The Frankie Shop,thefrankieshop.com,"Contemporary womenswear — relaxed tailoring, oversized blazers, basics; Paris/NYC aesthetic; online-first",2014,"New York, NY, USA / Paris, France (Le Marais store)",N/A,"Private company, founded by Gaëlle Drevet",~25–75,Not disclosed,The Frankie Shop Inc.,"NYC flagship + Paris; DTC e-commerce (global); wholesale (Net-A-Porter, Ssense, Shopbop, Revolve)",Not publicly disclosed (est. ~$10–40M),thefrankieshop.com; ZoomInfo; LinkedIn; BoF
The Row,therow.com,"American luxury ready-to-wear, handbags, footwear & accessories (womenswear + menswear)",2006,"609 Greenwich Street, Tribeca, New York, NY, USA",N/A (no Trustpilot / invitation-only retail),LLC — majority-owned by Mary-Kate & Ashley Olsen; minority stakes held by Wertheimer family/Chanel and Bettencourt Meyers/L'Oréal since 2024,~482 (Tracxn Feb 2026),Not disclosed,The Row LLC + NY/UK/FR retail subsidiaries,"5 monobrand stores; 37 countries; NYC (Tribeca + Upper East Side), LA, London Mayfair (2019), Paris (showroom 2011)",≈ $250–300M est. 2024; $100M in 2021; valuation $1B (Sept 2024),Wikipedia; Tracxn; Tuko; Marie Claire (Mar 2026); BoF; WWD
Tibi,tibi.com,"Contemporary womenswear — minimalist, directional; tailoring, knitwear, made-in-NYC ethos",1997,"New York, NY, USA (Soho flagship)",N/A,"Private company (Tibi LLC), founded by Amy Smilovic",~50–100,Not disclosed,Tibi LLC,"NYC flagship; wholesale worldwide (Net-A-Porter, Shopbop, Saks, Bergdorf, Neiman Marcus)",Not publicly disclosed (est. ~$20–50M),tibi.com; ZoomInfo; LinkedIn; BoF
Tohum Designs,tohumdesign.com,"Fine jewelry — handcrafted beaded, ancient talisman, Turkish-inspired; 18k gold, natural stones",2011,"Istanbul, Turkey / New York, NY, USA",N/A,"Private company, founded by Ipek Bozkurt",~5–20,Not disclosed,Tohum LLC,"Istanbul atelier; wholesale (Net-A-Porter, Moda Operandi, Bergdorf, Shopbop)",Not publicly disclosed (est. ~$2–8M),tohumdesign.com; ZoomInfo; LinkedIn
Tove Studio,tove-studio.com,"Contemporary womenswear — London-based, understated luxury; silk, linen, relaxed elegance",2018,"London, United Kingdom",N/A,"Ltd — Tove Studio Ltd (UK Companies House); Private, co-founded by Holly Wright and Ana Gonzalez",~11–30,Not disclosed,Tove Studio Ltd,"London HQ; wholesale (Net-A-Porter, Matches, Ssense, Shopbop, Mytheresa); ships globally",Not publicly disclosed (est. ~$5–15M),tove-studio.com; Companies House UK; ZoomInfo; LinkedIn
Ulla Johnson,ullajohnson.com,"Luxury womenswear ready-to-wear, shoes, accessories, denim; artisan-crafted, natural fibers",1999,"270 Lafayette Street / 15 Bleecker Street, SoHo / NoHo, New York, NY 10012, USA",N/A,"Inc. — Ulla Johnson Inc.; Private company, founder-led",~90–139 (Kona Equity 90; LeadIQ 139 Mar 2026),Not disclosed,Ulla Johnson Inc.,"US flagships: Madison Ave & NoHo (NYC), Amagansett, West Hollywood. Paris (Feb 2026), London (Summer 2026 planned). Wholesale: Bergdorf, Neiman Marcus, Le Bon Marché, US/EU/Australia/Asia",≈ $7.8M (Kona Equity/RocketReach est.); LeadIQ est. $50–100M,Wikipedia; ullajohnson.com/about; Kona Equity; LeadIQ (Mar 2026); RocketReach; LinkedIn
Womens (B-Sides Jeans),bsidesjeans.com,"Premium denim — vintage-inspired, limited-run jeans; sustainable; DTC brand",2010,"New York, NY, USA / Los Angeles, CA",N/A,"Private company (B-Sides LLC), founded by Ryan Yeager",~5–20,Not disclosed,B-Sides LLC,"DTC + select wholesale (Ssense, Moda Operandi, specialty boutiques)",Not publicly disclosed (est. ~$2–10M),bsidesjeans.com; ZoomInfo; LinkedIn
Yves Salomon,us.yves-salomon.com,"Luxury fur, leather & shearling — Parisian heritage outerwear; ecological fur innovation",1919 (founding family); modern Yves Salomon brand 1950s; significant since 1990s,"Paris, France",N/A,SARL — Fourrures Yves Salomon SARL; Private French family company,~50–100,Not disclosed,Fourrures Yves Salomon SARL,"Paris flagship (Rue Saint-Honoré); wholesale worldwide (Net-A-Porter, Matches, Bergdorf, Harrods); shown at Paris Fashion Week",Not publicly disclosed (est. ~$20–60M),yves-salomon.com; ZoomInfo; LinkedIn; BoF; Vogue Paris
arch4,arch4.co.uk,"Luxury British cashmere — ethical sourcing (Mongolian cashmere), timeless knitwear; London-based",2019,"London, United Kingdom",N/A,"Ltd — Arch4 Ltd (UK Companies House); Private, founded by Louise de Wetton",~5–20,Not disclosed,Arch4 Ltd,"DTC online + London pop-up; wholesale (Liberty, Harrods, Net-A-Porter); ships globally",Not publicly disclosed (est. ~$2–8M),arch4.co.uk; Companies House UK; ZoomInfo; LinkedIn
lemlem,lemlem.com,"Sustainable resort wear & accessories — Ethiopian hand-woven fabrics; artisan-made, vibrant prints",2007,"New York, NY, USA (HQ); Addis Ababa, Ethiopia (production)",N/A,"Private company (lemlem Inc.), founded by Ethiopian model Liya Kebede",~25–75,Not disclosed,lemlem Inc.,"NYC + online; wholesale (Net-A-Porter, Bergdorf, Shopbop, Goop, Saks); produces in Addis Ababa employing 300+ Ethiopian artisans",Not publicly disclosed (est. ~$5–20M),lemlem.com; ZoomInfo; LinkedIn; BoF; Wikipedia
sorellina Jewellery,sorellinanyc.com,"Fine jewelry — diamonds, 14k–18k gold, minimalist; NYC ateliers; Sorellina means 'little sister' in Italian",2014,"New York, NY, USA",N/A,"Private company (Sorellina LLC), founded by Melissa Kaye",~5–15,Not disclosed,Sorellina LLC,"DTC online; wholesale (Net-A-Porter, Bergdorf, Shopbop, Saks)",Not publicly disclosed (est. ~$2–8M),sorellinanyc.com; ZoomInfo; LinkedIn; CFDA
ÉTERNE,eterne.com,"Luxury basics & womenswear — cashmere, supima cotton; quality everyday pieces; California-based",2018,"Los Angeles, California, USA",N/A,"Private company (Eterne Inc.), co-founded by Gabriela Perezutti and Catherine Dore",~11–30,Not disclosed,Eterne Inc.,"DTC online; wholesale (Net-A-Porter, Bergdorf, Moda Operandi, Shopbop); ships globally",Not publicly disclosed (est. ~$3–10M),eterne.com; ZoomInfo; LinkedIn
